currency,brand,products,median_price,rated_products,mean_rating
CAD,boosh,1,26.0,0,
CAD,colourpop,4,5.5,0,
CAD,deciem,2,6.800000000000001,0,
GBP,dior,74,25.5,0,
USD,alva,1,9.95,0,
USD,c'est moi,4,0.0,0,
USD,clinique,92,21.0,0,
USD,coastal classic creation,1,0.0,0,
USD,fenty,5,20.0,0,
USD,glossier,6,24.5,0,
USD,green people,1,0.0,0,
USD,lotus cosmetics usa,7,0.0,0,
USD,maia's mineral galaxy,1,0.0,0,
USD,marienatie,9,0.0,0,
USD,nudus,1,0.0,0,
USD,nyx,147,8.0,0,
USD,penny lane organics,1,0.0,0,
USD,rejuva minerals,6,0.0,0,
USD,sally b's skin yummies,2,0.0,0,
USD,w3llpeople,1,0.0,0,
USD,zorah biocosmetiques,2,0.0,0,
,almay,14,10.99,12,4.241666666666666
,anna sui,6,26.0,0,
,annabelle,11,9.99,6,4.966666666666667
,benefit,41,30.0,0,
,burt's bees,2,9.99,2,4.1
,butter london,2,25.48,1,5.0
,cargo cosmetics,20,30.0,11,4.845454545454545
,china glaze,1,8.0,1,4.7
,clinique,1,,0,
,covergirl,54,9.74,33,4.427272727272727
,dalish,1,22.0,1,3.8
,dr. hauschka,12,33.5,10,4.67
,e.l.f.,27,4.99,22,4.381818181818182
,essie,4,10.0,4,3.55
,iman,13,,0,
,l'oreal,46,12.99,30,4.323333333333333
,marcelle,15,13.99,6,4.25
,maybelline,54,10.99,46,4.0826086956521745
,milani,13,9.99,10,4.4799999999999995
,mineral fusion,8,25.5,5,4.18
,misa,1,9.39,1,5.0
,mistura,1,56.49,1,2.6
,moov,3,14.99,2,2.5
,nyx,17,10.49,11,4.318181818181818
,orly,4,10.745000000000001,3,3.6666666666666665
,pacifica,13,21.5,12,4.466666666666667
,physicians formula,43,15.99,39,4.3076923076923075
,piggy paint,1,11.99,1,4.3
,pure anada,16,13.0,15,4.46
,revlon,29,11.79,23,4.456521739130435
,salon perfect,1,6.99,0,
,sante,6,21.99,6,4.083333333333333
,sinful colours,1,2.99,1,4.3
,smashbox,46,25.0,0,
,stila,4,48.995000000000005,0,
,suncoat,6,16.74,6,3.766666666666667
,wet n wild,12,4.390000000000001,9,4.666666666666667
,zorah,2,25.5,2,4.05
,,12,19.5,8,4.1
