brand,products
nyx,164
clinique,93
dior,74
covergirl,54
maybelline,54
smashbox,46
l'oreal,46
physicians formula,43
benefit,41
revlon,29
e.l.f.,27
cargo cosmetics,20
pure anada,16
marcelle,15
almay,14
iman,13
milani,13
pacifica,13
Unknown,12
dr. hauschka,12
wet n wild,12
annabelle,11
marienatie,9
mineral fusion,8
lotus cosmetics usa,7
rejuva minerals,6
glossier,6
sante,6
anna sui,6
suncoat,6
fenty,5
colourpop,4
c'est moi,4
stila,4
orly,4
essie,4
moov,3
deciem,2
zorah biocosmetiques,2
sally b's skin yummies,2
zorah,2
butter london,2
burt's bees,2
boosh,1
w3llpeople,1
penny lane organics,1
nudus,1
maia's mineral galaxy,1
green people,1
coastal classic creation,1
alva,1
mistura,1
misa,1
salon perfect,1
china glaze,1
sinful colours,1
piggy paint,1
dalish,1
